skubi|qwerty|Mateusz|Steliga|Mentor
dupa|kupa1|chuj|cinaimie|Mentor
agnes595|959aga|Kagnieszka|Oszany|Mentor
sajko1337|psycho997|Magdalena|Kowalska|Mentor
admin|admin|Jerzy|Mardaus|Manager
matixd|qwerty|Mateusz|Domagalski|Student
kamilnowak|qwerty|Kamil|Nowak|Student
kamiloreal|qwerty1|Kamil|Postrozny|Student
zylwiasaleska|saleska|Zylwia|Saleska|Student
dateuszdom|dateuszek|Dateusz|Momagalski|Student
pamil|ajax|Pamil|Kostrożny|Student
zonika123|zonia321|Zonika|Maganiacz|Student
amilkoko|koko323|Amil|Kokonior|Student
amilkmiec|kmiotek13|Kakamil|Mieć|Student
miriam|qwerty|Miriam|Balazinska|Accountant
